lang,CI_lower,CI_upper,delta_m,significant,std.err.,window,day
cs,-0.3475547591882089,0.18676160069047176,-0.08039657924886856,False,0.13357908996967016,2020-03-16,0
pl,0.05305948574869031,0.30015493645878094,0.17660721110373562,True,0.061773862677522655,2020-03-24,0
ru,0.11176696629218658,0.29940174414354453,0.20558435521786556,True,0.04690869446283949,2020-03-30,0
uk,0.2539508898964457,0.5624087709329324,0.4081798304146891,True,0.07711447025912169,2020-03-25,0
cs,-0.27784435825025133,0.2500837098724318,-0.013880324188909776,False,0.13198201703067078,2020-03-17,1
pl,0.1226280962734026,0.40141632037418956,0.2620222083237961,True,0.06969705602519674,2020-03-25,1
ru,0.14236835827261912,0.3110708676673269,0.226719612969973,True,0.042175627348676935,2020-03-31,1
uk,0.2477132515821512,0.5819984854682602,0.4148558685252057,True,0.08357130847152723,2020-03-26,1
cs,-0.2552964978163089,0.26778546900019906,0.00624448559194507,False,0.130770491704127,2020-03-18,2
pl,0.10982763165883855,0.40731825082501927,0.2585729412419289,True,0.07437265479154519,2020-03-26,2
ru,0.17160333341930642,0.3261306551929627,0.24886699430613457,True,0.038631830443414075,2020-04-01,2
uk,0.18351627736105042,0.5729294228186421,0.3782228500898463,True,0.09735328636439794,2020-03-27,2
cs,-0.13357055160638992,0.30067036126862506,0.08354990483111757,False,0.10856022821875375,2020-03-19,3
pl,0.11851718263498295,0.4190145232230659,0.26876585292902444,True,0.07512433514702074,2020-03-27,3
ru,0.16207159288243927,0.3327979611666244,0.24743477702453184,True,0.04268159207104629,2020-04-02,3
uk,0.15801408019751373,0.5819630620624267,0.3699885711299702,True,0.10598724546622823,2020-03-28,3
cs,-0.06689710323420237,0.3594219986526691,0.14626244770923336,False,0.10657977547171786,2020-03-20,4
pl,0.11952702233124532,0.4178077749596427,0.26866739864544403,True,0.07457018815709936,2020-03-28,4
ru,0.1192523749600133,0.30270226416600765,0.21097731956301047,True,0.045862472301498584,2020-04-03,4
uk,0.1436034914332288,0.5701080409783646,0.35685576620579673,True,0.10662613738628396,2020-03-29,4
cs,-0.012796608209927146,0.4066123477048206,0.19690786974744673,False,0.10485223897868694,2020-03-21,5
pl,0.14230539289756078,0.4439356425632403,0.29312051773040054,True,0.07540756241641988,2020-03-29,5
ru,0.08880955254010658,0.2776570174950228,0.1832332850175647,True,0.047211866238729056,2020-04-04,5
uk,0.16724998051471027,0.5706445267083595,0.3689472536115349,True,0.10084863654841232,2020-03-30,5
cs,-0.007999625754867262,0.4208912784818355,0.20644582636348413,False,0.1072227260591757,2020-03-22,6
pl,0.11309561680609345,0.41910419667616516,0.2660999067411293,True,0.07650214496751793,2020-03-30,6
ru,0.06796271990887283,0.23660728739827552,0.15228500365357417,True,0.04216114187235067,2020-04-05,6
uk,0.1210858696249589,0.4710712293564877,0.2960785494907233,True,0.08749633993288221,2020-03-31,6
cs,-0.06951016138320931,0.37397620790877606,0.15223302326278337,False,0.11087159232299634,2020-03-23,7
pl,0.12285771525897188,0.4250527857837015,0.2739552505213367,True,0.0755487676311824,2020-03-31,7
ru,0.07425918603646815,0.2375834985145397,0.15592134227550392,True,0.04083107811951788,2020-04-06,7
uk,0.08136787964607692,0.43485947420388993,0.25811367692498344,True,0.08837289863945326,2020-04-01,7
cs,-0.017755721871089064,0.435695047508714,0.20896966281881246,False,0.11336269234495076,2020-03-24,8
pl,0.0787616358681758,0.36291775543220667,0.22083969565019124,True,0.07103902989100772,2020-04-01,8
ru,0.06243038436376554,0.23590174029488648,0.149166062329326,True,0.04336783898278023,2020-04-07,8
uk,0.06275647279789234,0.43610652041301723,0.24943149660545477,True,0.09333751190378121,2020-04-02,8
cs,-0.03687375965918224,0.45658773101088646,0.2098569856758521,False,0.12336537266751717,2020-03-25,9
pl,0.14342934734992457,0.4236250592582104,0.2835272033040675,True,0.07004892797707146,2020-04-02,9
ru,0.04024652990780875,0.23540692343648917,0.13782672667214896,True,0.048790098382170105,2020-04-08,9
uk,0.1186503218831568,0.48684005633900196,0.3027451891110794,True,0.0920474336139613,2020-04-03,9
cs,-0.029471763262413908,0.4705709245395297,0.2205495806385579,False,0.1250106719504859,2020-03-26,10
pl,0.16381787825573285,0.4449703030382827,0.3043940906470078,True,0.07028810619563747,2020-04-03,10
ru,0.02416156299855389,0.21882871302941298,0.12149513801398343,True,0.04866678750771477,2020-04-09,10
uk,0.14310806435068776,0.4895652511760461,0.31633665776336695,True,0.08661429670633959,2020-04-04,10
cs,-0.07925282339958187,0.4015591984739738,0.16115318753719599,False,0.12020300546838893,2020-03-27,11
pl,0.18410245393746938,0.4682650270151465,0.32618374047630794,True,0.07104064326941928,2020-04-04,11
ru,0.03944627834484077,0.23584843993672872,0.13764735914078474,True,0.04910054039797199,2020-04-10,11
uk,0.14938845551324156,0.46625099509499457,0.30781972530411805,True,0.07921563489543824,2020-04-05,11
cs,-0.05964923634006433,0.43760938000490235,0.188980071832419,False,0.12431465408624166,2020-03-28,12
pl,0.1497936428572207,0.43397907059472435,0.2918863567259725,True,0.07104635693437591,2020-04-05,12
ru,0.06631043852264822,0.2631798280119951,0.16474513326732165,True,0.04921734737233672,2020-04-11,12
uk,0.12023340927285411,0.41789542389530165,0.26906441658407787,True,0.07441550365561188,2020-04-06,12
cs,-0.043177007916275184,0.441060884173161,0.1989419381284429,False,0.12105947302235905,2020-03-29,13
pl,0.17994340178679522,0.4558267406007743,0.3178850711937848,True,0.06897083470349478,2020-04-06,13
ru,0.08712110861324066,0.289733397642709,0.18842725312797481,True,0.05065307225736708,2020-04-12,13
uk,0.18970918694895172,0.4636806114257855,0.3266948991873686,True,0.06849285611920844,2020-04-07,13
cs,-0.12170707206587555,0.39486170974290186,0.13657731883851315,False,0.12914219545219435,2020-03-30,14
pl,0.198043804347147,0.4770985459821193,0.33757117516463314,True,0.06976368540874307,2020-04-07,14
ru,0.11205818600619338,0.32992876260955933,0.22099347430787636,True,0.05446764415084149,2020-04-13,14
uk,0.23139309684573695,0.5035301124603448,0.3674616046530409,True,0.06803425390365198,2020-04-08,14
cs,-0.10820830430865591,0.40926236868273447,0.15052703218703928,False,0.1293676682478476,2020-03-31,15
pl,0.24122213763263325,0.5238909460903104,0.3825565418614718,True,0.07066720211441928,2020-04-08,15
ru,0.14109982757088646,0.33840295426906974,0.2397513909199781,True,0.04932578167454583,2020-04-14,15
uk,0.23172526762309423,0.49539186765721044,0.3635585676401523,True,0.06591665000852905,2020-04-09,15
cs,-0.06314168571594672,0.4208398638166104,0.17884908905033187,False,0.1209953873831393,2020-04-01,16
pl,0.1940470752776409,0.473487471082391,0.3337672731800159,True,0.06986009895118751,2020-04-09,16
ru,0.17035375726900914,0.35646007385767187,0.2634069155633405,True,0.046526579147165674,2020-04-15,16
uk,0.1922822673696869,0.43634847309559843,0.31431537023264267,True,0.06101655143147789,2020-04-10,16
cs,-0.03329222537965501,0.4464635504634491,0.20658566254189703,False,0.11993894396077602,2020-04-02,17
pl,0.1547238825542255,0.4398355746963778,0.29727972862530166,True,0.07127792303553808,2020-04-10,17
ru,0.1922237479720285,0.3683709691590667,0.2802973585655476,True,0.04403680529675954,2020-04-16,17
uk,0.17688287236290381,0.40137181206066075,0.28912734221178227,True,0.05612223492443923,2020-04-11,17
cs,0.07538102142289241,0.5499432677895739,0.31266214460623315,True,0.11864056159167037,2020-04-03,18
pl,0.12908780677528905,0.4106120591305312,0.26984993295291015,True,0.07038106308881055,2020-04-11,18
ru,0.1853506129543479,0.3877416626509336,0.28654613780264077,True,0.050597762424146424,2020-04-17,18
uk,0.16845724917131427,0.3966012466621079,0.2825292479167111,True,0.05703599937269841,2020-04-12,18
cs,0.06824029022883699,0.5350624732940208,0.3016513817614289,True,0.11670554576629596,2020-04-04,19
pl,0.15796041022353538,0.4202860212800522,0.2891232157517938,True,0.0655814027641292,2020-04-12,19
ru,0.1981077534771288,0.3935416701999054,0.2958247118385171,True,0.04885847918069415,2020-04-18,19
uk,0.20106517280876302,0.47115533901516526,0.33611025591196414,True,0.06752254155160056,2020-04-13,19
cs,0.08682038737013972,0.5372845422394876,0.3120524648048137,True,0.11261603871733698,2020-04-05,20
pl,0.16183714259736146,0.4274025638042208,0.29461985320079115,True,0.06639135530171485,2020-04-13,20
ru,0.20018037323293286,0.3899455699255499,0.2950629715792414,True,0.04744129917315426,2020-04-19,20
uk,0.1987114561628607,0.4622887971650407,0.3305001266639507,True,0.06589433525054499,2020-04-14,20
cs,0.16700093768285618,0.5659339089098258,0.36646742329634097,True,0.0997332428067424,2020-04-06,21
pl,0.15092255511744826,0.41754457745740436,0.2842335662874263,True,0.06665550558498902,2020-04-14,21
ru,0.22155823483153547,0.40844597387458137,0.3150021043530584,True,0.04672193476076148,2020-04-20,21
uk,0.205139962375567,0.4654055532624327,0.33527275781899984,True,0.06506639772171642,2020-04-15,21
cs,0.12914379367341156,0.5384223230268161,0.33378305835011385,True,0.10231963233835115,2020-04-07,22
pl,0.09947152312206513,0.3393781720397316,0.21942484758089836,True,0.05997666222941662,2020-04-15,22
ru,0.21324008301113057,0.4079803901503614,0.310610236580746,True,0.048685076784807706,2020-04-21,22
uk,0.24065940082816378,0.4977732422625352,0.3692163215453495,True,0.06427846035859286,2020-04-16,22
cs,0.12882140778445353,0.5342251253524625,0.331523266568458,True,0.10135092939200223,2020-04-08,23
pl,0.09536256816670044,0.34400563750833235,0.21968410283751638,True,0.06216076733540797,2020-04-16,23
ru,0.2152704703574294,0.41628255302700246,0.31577651169221593,True,0.05025302066739327,2020-04-22,23
uk,0.2419419294530903,0.5317509276988681,0.3868464285759792,True,0.07245224956144444,2020-04-17,23
cs,0.06983323716652517,0.5167512343308092,0.2932922357486672,True,0.11172949929107101,2020-04-09,24
pl,0.11271715654308107,0.3597249744380758,0.23622106549057842,True,0.06175195447374868,2020-04-17,24
ru,0.19111743566419936,0.40651399131769284,0.2988157134909461,True,0.053849138913373375,2020-04-23,24
uk,0.2033473152489857,0.5302908604786625,0.3668190878638241,True,0.08173588630741921,2020-04-18,24
cs,-0.05509610504158091,0.3999476953706913,0.1724257951645552,False,0.11376095010306805,2020-04-10,25
pl,0.11126605457545348,0.3546501703557734,0.23295811246561343,True,0.060846028945079976,2020-04-18,25
ru,0.1900847431539373,0.3948869603660281,0.2924858517599827,True,0.0512005543030227,2020-04-24,25
uk,0.2405310054718588,0.56804134593394,0.4042861757028994,True,0.08187758511552029,2020-04-19,25
cs,-0.07647781065384035,0.4051991002084097,0.16436064477728468,False,0.12041922771556252,2020-04-11,26
pl,0.05961520521914582,0.32040399742510023,0.19000960132212302,True,0.0651971980514886,2020-04-19,26
ru,0.16028788896737428,0.36507676192161104,0.26268232544449266,True,0.05119721823855918,2020-04-25,26
uk,0.2414208301584515,0.5448068481742575,0.3931138391663545,True,0.0758465045039515,2020-04-20,26
cs,-0.10010152715601103,0.3843373025578518,0.14211788770092038,False,0.1211097074284657,2020-04-12,27
pl,0.05300163375846287,0.3204568610824139,0.1867292474204384,True,0.06686380683098776,2020-04-20,27
ru,0.08593639997806815,0.3135335521864352,0.19973497608225166,True,0.056899288052091754,2020-04-26,27
uk,0.1873853227088519,0.5117765289368419,0.3495809258228469,True,0.0810978015569975,2020-04-21,27
cs,-0.07522095721929895,0.4024851063756784,0.16363207457818973,False,0.11942651589874434,2020-04-13,28
pl,-0.004057814542904908,0.2795495846320215,0.1377458850445583,False,0.07090184979373161,2020-04-21,28
ru,0.035410747498261716,0.2388412989680086,0.13712602323313516,True,0.050857637867436724,2020-04-27,28
uk,0.18518257972356325,0.4763325390054558,0.3307575593645095,True,0.07278748982047313,2020-04-22,28
cs,-0.08526375247189735,0.3554037412562703,0.13506999439218648,False,0.11016687343204191,2020-04-14,29
pl,-0.02660299657681356,0.26569747793597587,0.11954724067958117,False,0.07307511862819736,2020-04-22,29
ru,0.04519060051473213,0.2573042300478393,0.1512474152812857,True,0.05302840738327679,2020-04-28,29
uk,0.15693569627267973,0.4432907782135513,0.3001132372431155,True,0.07158877048521789,2020-04-23,29
cs,-0.05541388341781486,0.3711708946871827,0.15787850563468392,False,0.10664619452624939,2020-04-15,30
pl,-0.015228909247226613,0.2691885396126992,0.12697981518273627,False,0.07110436221498144,2020-04-23,30
ru,0.04631805375026697,0.2560041618475202,0.15116110779889358,True,0.052421527024313304,2020-04-29,30
uk,0.14925120124363936,0.4402511456734347,0.294751173458537,True,0.07274998610744883,2020-04-24,30
cs,-0.09950157460776962,0.3401125757846698,0.12030550058845008,False,0.10990353759810985,2020-04-16,31
pl,-0.04621860685209064,0.2266585946623044,0.09021999390510688,False,0.06821930037859876,2020-04-24,31
ru,0.08296951212306748,0.29219161582940734,0.1875805639762374,True,0.05230552592658496,2020-04-30,31
uk,0.18894814868519114,0.46166976264809756,0.32530895566664436,True,0.06818040349072661,2020-04-25,31
cs,-0.03703624497239913,0.37098246356434017,0.16697310929597053,False,0.10200467713418483,2020-04-17,32
pl,-0.04314383884112616,0.2200486336565266,0.08845239740770022,False,0.06579811812441319,2020-04-25,32
ru,0.11762982540875848,0.34060408337546516,0.22911695439211183,True,0.055743564491676674,2020-05-01,32
uk,0.14877522148588246,0.41927511221115105,0.28402516684851675,True,0.06762497268131715,2020-04-26,32
cs,-0.12974443443753053,0.26355080834335515,0.06690318695291231,False,0.09832381069522142,2020-04-18,33
pl,-0.05251712632447397,0.21995023930305674,0.08371655648929138,False,0.06811684140688268,2020-04-26,33
ru,0.14973638108181625,0.38911360982305093,0.2694249954524336,True,0.059844307185308664,2020-05-02,33
uk,0.16104267768159483,0.44352832930534236,0.3022855034934686,True,0.07062141290593689,2020-04-27,33
cs,-0.25090752706245556,0.20253735463293376,-0.024185086214760898,False,0.11336122042384733,2020-04-19,34
pl,-0.09383725185091424,0.160585782292665,0.03337426522087539,False,0.06360575853589481,2020-04-27,34
ru,0.17887755816457043,0.39855739309747407,0.28871747563102224,True,0.0549199587332259,2020-05-03,34
uk,0.1863226070866354,0.45292293047294774,0.31962276877979157,True,0.06665008084657809,2020-04-28,34
cs,-0.2711734543816133,0.1916498187991164,-0.03976181779124843,False,0.11570581829518242,2020-04-20,35
pl,-0.05036442722132717,0.18854149813489818,0.0690885354567855,False,0.059726481339056336,2020-04-28,35
ru,0.21034564818224255,0.4151893264145512,0.3127674872983969,True,0.05121091955807716,2020-05-04,35
uk,0.19816161360085013,0.4653225581359345,0.3317420858683923,True,0.0667902361337711,2020-04-29,35
cs,-0.30282520593689616,0.1523298814400481,-0.07524766224842402,False,0.11378877184423607,2020-04-21,36
pl,-0.02235948740520552,0.21904038145424223,0.09834044702451836,False,0.06034996721486194,2020-04-29,36
ru,0.20969489957313003,0.420711374151685,0.31520313686240753,True,0.052754118644638755,2020-05-05,36
uk,0.18964918081653093,0.4547171851406814,0.32218318297860615,True,0.06626700108103761,2020-04-30,36
cs,-0.38974411996269054,0.040711571309217126,-0.17451627432673672,False,0.10761392281797692,2020-04-22,37
pl,-0.024082737038493784,0.21782574460511178,0.096871503783309,False,0.06047712041090139,2020-04-30,37
ru,0.20574162742204016,0.41405634464944363,0.3098989860357419,True,0.052078679306850874,2020-05-06,37
uk,0.21069808797326678,0.48437162239822046,0.3475348551857436,True,0.06841838360623842,2020-05-01,37
cs,-0.33359217010674597,0.09118700646452399,-0.12120258182111099,False,0.10619479414281749,2020-04-23,38
pl,0.015676944998640613,0.27912537004764315,0.14740115752314187,True,0.06586210626225063,2020-05-01,38
ru,0.18863661256022146,0.400622919193405,0.2946297658768132,True,0.05299657665829588,2020-05-07,38
uk,0.2522140344876773,0.5043612109781369,0.3782876227329071,True,0.06303679412261491,2020-05-02,38
cs,-0.3512911865373637,0.08622816144133602,-0.13253151254801382,False,0.10937983699467492,2020-04-24,39
pl,0.03488830807396781,0.309287463697951,0.1720878858859594,True,0.0685997889059958,2020-05-02,39
ru,0.14782953427798834,0.36434140300501344,0.2560854686415009,True,0.05412796718175628,2020-05-08,39
uk,0.29348483219773347,0.5597342754148497,0.42660955380629156,True,0.06656236080427903,2020-05-03,39
cs,-0.4187215765528603,0.08566735649032536,-0.16652711003126747,False,0.12609723326079642,2020-04-25,40
pl,0.08678386911575328,0.3493503480187441,0.2180671085672487,True,0.06564161972574771,2020-05-03,40
ru,0.12394447328920462,0.33066365164859973,0.22730406246890217,True,0.051679794589848775,2020-05-09,40
uk,0.30434667650781255,0.598392219851269,0.4513694481795408,True,0.07351138583586411,2020-05-04,40
cs,-0.30376459170130876,0.16650265794616678,-0.068630966877571,False,0.11756681241186889,2020-04-26,41
pl,0.11301774806360018,0.36800970048037607,0.2405137242719881,True,0.06374798810419396,2020-05-04,41
ru,0.1667205343453101,0.36791856434796444,0.26731954934663726,True,0.05029950750066359,2020-05-10,41
uk,0.33523240654964187,0.6214056656867923,0.47831903611821713,True,0.07154331478428763,2020-05-05,41
cs,-0.31336229055489595,0.11438333810965196,-0.099489476222622,False,0.10693640716613698,2020-04-27,42
pl,0.15116218658403388,0.4045559173302422,0.27785905195713806,True,0.06334843268655209,2020-05-05,42
ru,0.16167890918628297,0.3510296479144886,0.2563542785503858,True,0.04733768468205141,2020-05-11,42
uk,0.3546742664027147,0.629817045026222,0.4922456557144684,True,0.06878569465587683,2020-05-06,42
cs,-0.33260844332337414,0.2075951851094003,-0.06250662910698693,False,0.13505090710819362,2020-04-28,43
pl,0.12908409745972194,0.3807166328039461,0.254900365131834,True,0.06290813383605603,2020-05-06,43
ru,0.1278514149744545,0.30192305860904894,0.21488723679175173,True,0.043517910908648615,2020-05-12,43
uk,0.387289176808595,0.6506558595127182,0.5189725181606566,True,0.06584167067603082,2020-05-07,43
cs,-0.28612273323084064,0.2607668365753421,-0.012677948327749267,False,0.1367223924515457,2020-04-29,44
pl,0.10967204723595234,0.37991346003722193,0.24479275363658715,True,0.0675603532003174,2020-05-07,44
ru,0.09110283665529302,0.2815127422564994,0.1863077894558962,True,0.047602476400301595,2020-05-13,44
uk,0.3954297227291047,0.6683304706997836,0.5318800967144441,True,0.06822518699266972,2020-05-08,44
cs,-0.3101991115445349,0.23613941675037992,-0.03702984739707749,False,0.1365846320737287,2020-04-30,45
pl,0.08195505874388598,0.35155238662941335,0.21675372268664966,True,0.06739933197138184,2020-05-08,45
ru,0.07485917857596978,0.26570665235057855,0.17028291546327418,True,0.047711868443652196,2020-05-14,45
uk,0.41862860886809516,0.7059412724787483,0.5622849406734217,True,0.07182816590266328,2020-05-09,45
cs,-0.3437959054475611,0.2590806596546815,-0.042357622896439795,False,0.15071914127556066,2020-05-01,46
pl,0.10227495204633341,0.39357420274017973,0.24792457739325657,True,0.07282481267346158,2020-05-09,46
ru,0.07776430776784884,0.2700581608395375,0.17391123430369318,True,0.04807346326792217,2020-05-15,46
uk,0.39280405986769584,0.6877922024915055,0.5402981311796007,True,0.0737470356559524,2020-05-10,46
cs,-0.4213432984175257,0.30877481343214386,-0.0562842424926909,False,0.1825295279624174,2020-05-02,47
pl,0.05675003545924945,0.38555666964608415,0.2211533525526668,True,0.08220165854670868,2020-05-10,47
ru,0.0746469163280569,0.26870130082505417,0.17167410857655552,True,0.04851359612424931,2020-05-16,47
uk,0.3365094785932918,0.6230392632515072,0.4797743709223995,True,0.07163244616455386,2020-05-11,47
cs,-0.49258384864962473,0.23668649096941646,-0.12794867884010414,False,0.1823175849047603,2020-05-03,48
pl,0.021218003859923895,0.36322883772954484,0.19222342079473437,True,0.08550270846740524,2020-05-11,48
ru,0.06215640565984011,0.24705517236632274,0.15460578901308142,True,0.046224691676620654,2020-05-17,48
uk,0.36485993764160274,0.6286724739070089,0.4967662057743058,True,0.06595313406635153,2020-05-12,48
cs,-0.6386282231933429,0.1337352505047596,-0.2524464863442917,False,0.19309086842452564,2020-05-04,49
pl,-0.006466305642454706,0.3268767919847008,0.16020524317112306,False,0.08333577440678888,2020-05-12,49
ru,0.06481747547020451,0.25357627850962666,0.15919687698991558,True,0.047189700759855534,2020-05-18,49
uk,0.3940168860122226,0.6823467391439515,0.5381818125780871,True,0.0720824632829322,2020-05-13,49
cs,-0.6970245618070374,0.006533151208465371,-0.345245705299286,False,0.17588942825387568,2020-05-05,50
pl,-0.009768959175910003,0.32903810408480205,0.159634572454446,False,0.084701765815178,2020-05-13,50
ru,0.08116424182744189,0.264219784619643,0.17269201322354244,True,0.045763885698050275,2020-05-19,50
uk,0.36535850219845345,0.6595199085105236,0.5124392053544885,True,0.07354035157801753,2020-05-14,50
cs,-0.7233783964186012,-0.031682317571835816,-0.37753035699521853,True,0.17292401971169136,2020-05-06,51
pl,0.01136837851997996,0.32921354248369517,0.17029096050183756,True,0.0794612909909288,2020-05-14,51
ru,0.12614829401985111,0.30185030322855083,0.21399929862420097,True,0.043925502302174936,2020-05-20,51
uk,0.344385896479211,0.6558715309722929,0.500128713725752,True,0.0778714086232705,2020-05-15,51
cs,-0.7329089691250104,-0.08590704524091569,-0.409408007182963,True,0.16175048097102365,2020-05-07,52
pl,0.0034070665706470715,0.32809567003622775,0.1657513683034374,True,0.08117215086639516,2020-05-15,52
ru,0.12636840657354714,0.33315600704715304,0.2297622068103501,True,0.05169690011840147,2020-05-21,52
uk,0.32363681012379353,0.6279168191890535,0.4757768146564235,True,0.076070002266315,2020-05-16,52
cs,-0.729456347658922,-0.06748092677926465,-0.3984686372190933,True,0.16549385521991433,2020-05-08,53
pl,-0.04063398182341385,0.25568434954394204,0.1075251838602641,False,0.07407958284183898,2020-05-16,53
ru,0.06815571227081114,0.31027613568807505,0.1892159239794431,True,0.06053010585431597,2020-05-22,53
uk,0.31586606355584246,0.6006225920748539,0.4582443278153482,True,0.07118913212975286,2020-05-17,53
cs,-0.6240623886279681,-0.10392420769603344,-0.3639932981620008,True,0.1300345452329837,2020-05-09,54
pl,-0.05792281518507966,0.30214551866196016,0.12211135173844023,False,0.09001708346175995,2020-05-17,54
ru,0.012707341919222598,0.26285293753055705,0.13778013972488984,True,0.06253639890283362,2020-05-23,54
uk,0.30859771319103246,0.5903763249979014,0.4494870190944669,True,0.07044465295171723,2020-05-18,54
cs,-0.5951297127341904,-0.07833372376731051,-0.33673171825075043,True,0.12919899724171996,2020-05-10,55
pl,0.0006777396031268645,0.37502078108888737,0.18784926034600713,True,0.09358576037144013,2020-05-18,55
ru,-0.003071407441335272,0.25773378629852417,0.12733118942859445,False,0.06520129843496486,2020-05-24,55
uk,0.28753157434021454,0.5913385124922768,0.4394350434162456,True,0.07595173453801554,2020-05-19,55
cs,-0.453394719847377,-0.07234389272118968,-0.26286930628428334,True,0.09526270678154683,2020-05-11,56
pl,0.04998372153202127,0.45468257665588263,0.25233314909395194,True,0.10117471378096533,2020-05-19,56
ru,0.00491462716633706,0.27367435427999554,0.1392944907231663,True,0.06718993177841462,2020-05-25,56
uk,0.25121866193217063,0.5387384216415338,0.39497854178685227,True,0.07187993992734082,2020-05-20,56
cs,-0.43010966540027307,-0.033695525816244104,-0.23190259560825857,True,0.09910353489600723,2020-05-12,57
pl,0.06255756076329319,0.46095425593468475,0.261755908348989,True,0.0995991737928479,2020-05-20,57
ru,0.009086788086949626,0.2599929546984064,0.134539871392678,True,0.06272654165286419,2020-05-26,57
uk,0.27286533533926505,0.5554631427578521,0.4141642390485586,True,0.07064945185464677,2020-05-21,57
cs,-0.4647161524797184,-0.10013492925070022,-0.2824255408652093,True,0.09114530580725455,2020-05-13,58
pl,0.11627028216470459,0.5207512724011358,0.3185107772829202,True,0.10112024755910781,2020-05-21,58
ru,-0.01588817625737962,0.21473060434820726,0.09942121404541382,False,0.05765469515139672,2020-05-27,58
uk,0.22190734214713762,0.5005557439743393,0.36123154306073846,True,0.06966210045680042,2020-05-22,58
cs,-0.45841051854220277,-0.07456291300047185,-0.2664867157713373,True,0.09596190138543273,2020-05-14,59
pl,0.11124459586700239,0.5110486038454854,0.31114659985624393,True,0.09995100199462077,2020-05-22,59
ru,-0.01757900117600704,0.20034663303895578,0.09138381593147438,False,0.05448140855374071,2020-05-28,59
uk,0.215456414170995,0.493137731533842,0.3542970728524185,True,0.06942032934071175,2020-05-23,59
cs,-0.4994118149533031,-0.11219297664625139,-0.30580239579977725,True,0.09680470957676293,2020-05-15,60
pl,0.12483060569369467,0.5287377247859375,0.32678416523981607,True,0.1009767797730607,2020-05-23,60
ru,0.004732582937946192,0.21675766453783085,0.11074512373788853,True,0.05300627039997117,2020-05-29,60
uk,0.2527635909508707,0.5504218129665401,0.4015927019587054,True,0.07441455550391735,2020-05-24,60
cs,-0.46647693741606266,-0.083782375736255,-0.27512965657615884,True,0.09567364041995192,2020-05-16,61
pl,0.16478391037254098,0.4766497158974273,0.3207168131349841,True,0.07796645138122157,2020-05-24,61
ru,0.04058399163950517,0.2505450993521288,0.145564545495817,True,0.05249027692815591,2020-05-30,61
uk,0.30199732058195805,0.6151503373829011,0.4585738289824296,True,0.07828825420023579,2020-05-25,61
cs,-0.46811448156898317,-0.07255350260653037,-0.27033399208775677,True,0.0988902447406132,2020-05-17,62
pl,0.12811343691986246,0.4381480619799909,0.28313074944992667,True,0.0775086562650321,2020-05-25,62
ru,0.025989565388563743,0.22131120791864461,0.12365038665360417,True,0.048830410632520214,2020-05-31,62
uk,0.3046346859536946,0.612285034676179,0.4584598603149368,True,0.07691258718062109,2020-05-26,62
cs,-0.4338512117055618,-0.08516678702320907,-0.25950899936438543,True,0.08717110617058818,2020-05-18,63
pl,0.020541396724252675,0.3389805276575023,0.1797609621908775,True,0.07960978273331241,2020-05-26,63
ru,-0.0008165695337997575,0.16476316847229316,0.0819732994692467,False,0.04139493450152323,2020-06-01,63
uk,0.2423863241207767,0.5702281856751565,0.4063072548979666,True,0.08196046538859494,2020-05-27,63
cs,-0.5256853480878497,-0.10740517867203148,-0.3165452633799406,True,0.10457004235395456,2020-05-19,64
pl,0.005789447985403456,0.3359796718015541,0.17088455989347878,True,0.08254755595403766,2020-05-27,64
ru,-0.02967261913981195,0.16040811985801479,0.06536775035910142,False,0.047520184749456684,2020-06-02,64
uk,0.23130854696619998,0.5573398245495358,0.3943241857578679,True,0.08150781939583394,2020-05-28,64
cs,-0.481421007228814,0.17722397473015103,-0.1520985162493315,False,0.16466124548974126,2020-05-20,65
pl,-0.02213456161477384,0.2822611581949014,0.13006329829006377,False,0.0760989299524188,2020-05-28,65
ru,-0.030662867979399155,0.15126571649536535,0.0603014242579831,False,0.04548214611869113,2020-06-03,65
uk,0.17822906715104395,0.5653853935966545,0.3718072303738492,True,0.09678908161140264,2020-05-29,65
cs,-0.4688485798667302,0.179262811528127,-0.14479288416930158,False,0.1620278478487143,2020-05-21,66
pl,-0.04454825400194792,0.2893696055736339,0.12241067578584297,False,0.08347946489389545,2020-05-29,66
ru,-0.05421559675087774,0.10237866190935642,0.02408153257923934,False,0.03914856466505854,2020-06-04,66
uk,0.13811023737787034,0.5310877232296396,0.33459898030375496,True,0.0982443714629423,2020-05-30,66
cs,-0.40118330053794216,0.26089632723805134,-0.07014348664994538,False,0.16551990694399837,2020-05-22,67
pl,-0.017214996306406605,0.3344378089354917,0.15861140631454254,False,0.08791320131047457,2020-05-30,67
ru,-0.08329471815802136,0.08240986358919261,-0.0004424272844143762,False,0.041426145436803494,2020-06-05,67
uk,0.04597631649152248,0.42219909857958615,0.23408770753555433,True,0.09405569552201593,2020-05-31,67
cs,-0.41433494347142075,0.2520264444819216,-0.08115424949474959,False,0.16659034698833558,2020-05-23,68
pl,0.0016520231225188309,0.357213736417302,0.1794328797699104,True,0.08889042832369579,2020-05-31,68
ru,-0.09358854942911272,0.07558640344255725,-0.009001072993277737,False,0.042293738217917494,2020-06-06,68
uk,0.021380894664775746,0.30780208753743943,0.1645914911011076,True,0.07160529821816593,2020-06-01,68
cs,-0.4420926062723406,0.2419803506897195,-0.10005612779131054,False,0.171018239240515,2020-05-24,69
pl,0.028998751025830077,0.3837414493652477,0.2063701001955389,True,0.08868567458485441,2020-06-01,69
ru,-0.09216377892688768,0.11131831483340601,0.009577267953259166,False,0.05087052344007342,2020-06-07,69
uk,-0.021978173746916463,0.24697740920972872,0.11249961773140613,False,0.0672388957391613,2020-06-02,69
cs,-0.42075277033290387,0.25513947046205515,-0.08280664993542436,False,0.16897306019873976,2020-05-25,70
pl,0.041724613202451966,0.3861561264470876,0.21394036982476977,True,0.0861078783111589,2020-06-02,70
ru,-0.0980293768568965,0.1588721262227879,0.0304213746829457,False,0.0642253757699211,2020-06-08,70
uk,0.0015061515312220775,0.2621651827112352,0.13183566712122863,True,0.06516475779500328,2020-06-03,70
cs,-0.27900531922669564,0.37160742309816025,0.04630105193573231,False,0.16265318558121397,2020-05-26,71
pl,0.01166076532679955,0.3878446390971307,0.19975270221196512,True,0.09404596844258278,2020-06-03,71
ru,-0.08268061090952446,0.15714021924449278,0.03722980416748417,False,0.059955207538504314,2020-06-09,71
uk,0.03930845296137403,0.33405450513304896,0.1866814790472115,True,0.07368651304291873,2020-06-04,71
cs,-0.3371071345744695,0.13744853403438403,-0.09982930027004275,False,0.11863891715221339,2020-05-27,72
pl,-0.026850032470844026,0.33538207354095695,0.15426602053505648,False,0.09055802650295025,2020-06-04,72
ru,-0.0623074047605854,0.1742797203709418,0.05598615780517821,False,0.059146781282881804,2020-06-10,72
uk,0.05075374798888835,0.33069830219321217,0.19072602509105027,True,0.06998613855108096,2020-06-05,72
cs,-0.37729194113947184,0.10912290056197424,-0.13408452028874882,False,0.12160371042536153,2020-05-28,73
pl,-0.017345883562604747,0.3373976545641726,0.16002588550078392,False,0.08868588453169433,2020-06-05,73
ru,-0.0285250757669223,0.19409263065380827,0.08278377744344298,False,0.05565442660518264,2020-06-11,73
uk,-0.009475160503046975,0.30275188726625896,0.146638363381606,False,0.07805676194232648,2020-06-06,73
cs,-0.45834961724067236,0.019496591699050853,-0.21942651277081077,False,0.11946155223493081,2020-05-29,74
pl,-0.050051829881802345,0.2708083837811467,0.11037827694967217,False,0.08021505341573726,2020-06-06,74
ru,0.015999710099522835,0.21040892226931007,0.11320431618441645,True,0.04860230304244681,2020-06-12,74
uk,-0.003753532977108509,0.3257522062993938,0.16099933666114263,False,0.08237643481912557,2020-06-07,74
cs,-0.43389132146921977,0.06495068188619979,-0.18447031979151,False,0.12471050083885489,2020-05-30,75
pl,-0.038149911409421144,0.25141776070583516,0.106633924648207,False,0.07239191802881408,2020-06-07,75
ru,-0.01800962537451882,0.1976688921242058,0.08982963337484348,False,0.05391962937468115,2020-06-13,75
uk,0.012176023461997698,0.37375760507942235,0.19296681427071002,True,0.09039539540435616,2020-06-08,75
cs,-0.44874296869370206,0.024824354695620776,-0.21195930699904064,False,0.11839183084733071,2020-05-31,76
pl,-0.05424439399093536,0.24229190469561265,0.09402375535233864,False,0.074134074671637,2020-06-08,76
ru,-0.019953124778252035,0.21218108712955405,0.09611398117565101,False,0.05803355297695152,2020-06-14,76
uk,0.03920755880971927,0.3980765966382257,0.21864207772397248,True,0.08971725945712661,2020-06-09,76
cs,-0.38907272403826343,0.10410160801268889,-0.14248555801278726,False,0.12329358301273807,2020-06-01,77
pl,-0.037440744122784364,0.2519115233783681,0.10723538962779186,False,0.07233806687528811,2020-06-09,77
ru,-0.016093888280979657,0.1913754688548883,0.08764079028695432,False,0.05186733928396699,2020-06-15,77
uk,-0.04111020663335779,0.35603762313886256,0.15746370825275238,False,0.09928695744305509,2020-06-10,77
cs,-0.3804636493098317,0.09907448150598822,-0.14069458390192174,False,0.11988453270395498,2020-06-02,78
pl,0.008791100688917336,0.27451369097991407,0.1416523958344157,True,0.06643064757274918,2020-06-10,78
ru,-0.013331860727518019,0.18697185260046956,0.08681999593647577,False,0.050075928331996894,2020-06-16,78
uk,-0.09925013544340688,0.25902168948156273,0.07988577701907792,False,0.0895679562312424,2020-06-11,78
cs,-0.32917727486059156,0.1478384733826361,-0.09066940073897775,False,0.11925393706080692,2020-06-03,79
pl,0.0035923770022917856,0.270163840648561,0.13687810882542642,True,0.06664286591156732,2020-06-11,79
ru,-0.045978425425553415,0.14751721676979995,0.05076939567212327,False,0.04837391054883834,2020-06-17,79
uk,-0.10088826682679505,0.28005327428524773,0.08958250372922635,False,0.0952353852780107,2020-06-12,79
cs,-0.21334191945014436,0.2711426084824279,0.028900344516141763,False,0.12112113198314306,2020-06-04,80
pl,0.03371086245364019,0.3235753082281001,0.17864308534087014,True,0.07246611144361498,2020-06-12,80
ru,-0.04929626677567059,0.1483606795942525,0.04953220640929096,False,0.04941423659248077,2020-06-18,80
uk,-0.0665598452844586,0.31784399475687053,0.12564207473620595,False,0.09610096001033228,2020-06-13,80
cs,-0.14127196548751764,0.3125234233025027,0.08562572890749254,False,0.11344884719750509,2020-06-05,81
pl,0.00799953132371381,0.28949684081784155,0.14874818607077767,True,0.07037432737353193,2020-06-13,81
ru,-0.07904696741729723,0.1253001990404904,0.023126615811596585,False,0.05108679161444691,2020-06-19,81
uk,-0.029808033255395883,0.3412975230581873,0.1557447449013957,False,0.09277638907839579,2020-06-14,81
cs,-0.11951887601015146,0.3176426253454131,0.09906187466763083,False,0.10929037533889115,2020-06-06,82
pl,-0.030561260200008655,0.255898533839979,0.11266863681998518,False,0.07161494850999692,2020-06-14,82
ru,-0.06146267061589994,0.13582435903746382,0.03718084421078194,False,0.04932175741334094,2020-06-20,82
uk,-0.04066669691515998,0.2788287986806396,0.11908105088273979,False,0.07987387389894988,2020-06-15,82
cs,-0.04278361857596544,0.37583045488849165,0.1665234181562631,False,0.10465351836611426,2020-06-07,83
pl,-0.013358554357913388,0.2934351872214173,0.14003831643175196,False,0.07669843539483268,2020-06-15,83
ru,-0.0725441954943505,0.06753666122783171,-0.0025037671332593936,False,0.03502021418054555,2020-06-21,83
uk,-0.0767590729005597,0.2386630210245467,0.0809519740619935,False,0.0788555234812766,2020-06-16,83
cs,-0.13801073927307922,0.413193500125184,0.1375913804260524,False,0.1378010598495658,2020-06-08,84
pl,0.03523720554464321,0.3498814289449486,0.1925593172447959,True,0.07866105585007635,2020-06-16,84
ru,-0.09384375009452915,0.0414761272940619,-0.026183811400233625,False,0.03382996934714776,2020-06-22,84
uk,-0.07275460241670595,0.24655364485330145,0.08689952121829775,False,0.07982706181750185,2020-06-17,84
cs,-0.1684734056123472,0.3816755118030431,0.10660105309534795,False,0.13753722935384757,2020-06-09,85
pl,0.05107937126923898,0.35397524613551146,0.20252730870237523,True,0.07572396871656813,2020-06-17,85
ru,-0.0994274236515138,0.05454474600601389,-0.022441338822749957,False,0.03849304241438192,2020-06-23,85
uk,-0.12954623141348048,0.22549372166898846,0.047973745127753986,False,0.08875998827061723,2020-06-18,85
cs,-0.15841085182620424,0.3411710700939418,0.09138010913386879,False,0.12489548048003651,2020-06-10,86
pl,0.07599799106641592,0.4229378253024495,0.2494679081844327,True,0.0867349585590084,2020-06-18,86
ru,-0.08629755278782178,0.07469234261693344,-0.005802605085444168,False,0.040247473851188806,2020-06-24,86
uk,-0.23266975632701384,0.1635856437740644,-0.03454205627647472,False,0.09906385002526956,2020-06-19,86
cs,-0.1824799444754607,0.23733433252806982,0.027427194026304558,False,0.10495356925088263,2020-06-11,87
pl,0.028880285287970653,0.36616262279541995,0.1975214540416953,True,0.08432058437686232,2020-06-19,87
ru,-0.10390445202320382,0.07532383294975949,-0.014290309536722168,False,0.04480707124324083,2020-06-25,87
uk,-0.2475344518939539,0.12345676802261812,-0.06203884193566789,False,0.092747804979143,2020-06-20,87
cs,-0.25672475593935934,0.17724515946954106,-0.03973979823490914,False,0.1084924788522251,2020-06-12,88
pl,-0.031508783202264634,0.3545933960911897,0.16154230644446255,False,0.09652554482336359,2020-06-20,88
ru,-0.10531455801394177,0.06932367741094872,-0.017995440301496524,False,0.04365955885622262,2020-06-26,88
uk,-0.3007116759523117,0.06263016188377285,-0.11904075703426942,False,0.09083545945902113,2020-06-21,88
cs,-0.3219369452045768,0.137197028154386,-0.09236995852509539,False,0.1147834933397407,2020-06-13,89
pl,-0.05001603507866298,0.3579651861968332,0.15397457555908511,False,0.10199530531887405,2020-06-21,89
ru,-0.14485461190677876,0.05488889155038204,-0.04498286017819836,False,0.0499358758642902,2020-06-27,89
uk,-0.3148208296757111,0.035994175613375035,-0.13941332703116804,False,0.08770375132227154,2020-06-22,89
cs,-0.33244018840650325,0.14711116890147516,-0.09266450975251406,False,0.11988783932699461,2020-06-14,90
pl,-0.16035863457696084,0.28265815541283734,0.06114976041793824,False,0.11075419749744954,2020-06-22,90
ru,-0.12556482208194808,0.07586514253730105,-0.024849839772323523,False,0.050357491154812285,2020-06-28,90
uk,-0.3322358527293988,0.05301619389964954,-0.13960982941487465,False,0.0963130116572621,2020-06-23,90
cs,-0.2930112837297774,0.09437855308339449,-0.09931636532319146,False,0.09684745920329298,2020-06-15,91
pl,-0.20205753931932804,0.22452501278360068,0.011233736732136318,False,0.10664563802573218,2020-06-23,91
ru,-0.10333954555493956,0.08951996373894881,-0.006909790907995372,False,0.04821487732347209,2020-06-29,91
uk,-0.2984892266872058,0.07774458282883209,-0.11037232192918686,False,0.09405845237900948,2020-06-24,91
cs,-0.505697684893516,0.009662993415005372,-0.24801734573925532,False,0.12884016957713035,2020-06-16,92
pl,-0.2625871064728391,0.16974640032876745,-0.04642035307203585,False,0.10808337670040165,2020-06-24,92
ru,-0.10734078304962333,0.08772309369375883,-0.009808844677932249,False,0.04876596918584554,2020-06-30,92
uk,-0.2591015248216667,0.09628003575313979,-0.08141074453426345,False,0.08884539014370162,2020-06-25,92
cs,-0.5143373430396064,0.04755899622481155,-0.23338917340739743,False,0.1404740848161045,2020-06-17,93
pl,-0.27498193999782006,0.05733292923433789,-0.10882450538174107,False,0.08307871730803948,2020-06-25,93
ru,-0.11442171733075378,0.07961538329550248,-0.017403167017625648,False,0.048509275156564065,2020-07-01,93
uk,-0.122668641299287,0.13857567618055383,0.007953517440633412,False,0.06531107936996021,2020-06-26,93
cs,-0.5144213809384068,0.04941767983769227,-0.2325018505503573,False,0.14095976519402478,2020-06-18,94
pl,-0.3092824393265746,0.038919795944983626,-0.1351813216907955,False,0.08705055881788956,2020-06-26,94
ru,-0.12561376023347576,0.04903450366942719,-0.038289628282024285,False,0.043662065975725736,2020-07-02,94
uk,-0.09220791455704544,0.1697161589466896,0.03875412219482208,False,0.06548101837593376,2020-06-27,94
cs,-0.528421282408041,0.05020826306845502,-0.239106509669793,False,0.144657386369124,2020-06-19,95
pl,-0.23316511558332095,0.16918747742215703,-0.03198881908058196,False,0.1005881482513695,2020-06-27,95
ru,-0.1565279120625562,0.04061525985877515,-0.057956326101890526,False,0.04928579298033284,2020-07-03,95
uk,-0.05382617588453595,0.27048349161303886,0.10832865786425147,False,0.08107741687439371,2020-06-28,95
cs,-0.5880228943083301,0.005986476203182212,-0.2910182090525739,False,0.14850234262787806,2020-06-20,96
pl,-0.19320626049225956,0.20004852270067122,0.0034211311042058323,False,0.0983136957982327,2020-06-28,96
ru,-0.14812993438148608,0.046458874143108855,-0.05083553011918862,False,0.04864720213114874,2020-07-04,96
uk,-0.09889198470750474,0.25276805972398697,0.07693803750824113,False,0.08791501110787293,2020-06-29,96
cs,-0.7758903521938221,-0.05407745889777987,-0.414983905545801,True,0.18045322332401056,2020-06-21,97
pl,-0.13048234862521782,0.2593913065883384,0.06445447898156031,False,0.09746841380338907,2020-06-29,97
ru,-0.15737419498847469,0.04172997177719137,-0.05782211160564166,False,0.049776041691416514,2020-07-05,97
uk,-0.036909991735758596,0.28661814909220007,0.12485407867822074,False,0.08088203520698967,2020-06-30,97
cs,-0.7866896767841618,-0.06818576104240814,-0.42743771891328497,True,0.1796259789354384,2020-06-22,98
pl,-0.12525193309006483,0.2881308013872213,0.08143943414857824,False,0.10334568361932153,2020-06-30,98
ru,-0.1778913359079216,0.009197236698309422,-0.0843470496048061,False,0.04677214315155776,2020-07-06,98
uk,-0.11771015083704936,0.2626239088474789,0.07245687900521475,False,0.09508351492113205,2020-07-01,98
cs,-0.6298546747693966,0.0706065520608744,-0.2796240613542611,False,0.17511530670756775,2020-06-23,99
pl,-0.12742085527501115,0.2792452098624051,0.07591217729369698,False,0.10166651628435407,2020-07-01,99
ru,-0.19856910039446174,-0.002582712148333721,-0.10057590627139773,True,0.048996597061532005,2020-07-07,99
uk,-0.14291524978917167,0.24677880218727807,0.0519317761990532,False,0.09742351299411244,2020-07-02,99
cs,-0.6328994781729875,-0.034040251568706326,-0.33346986487084695,True,0.14971480665107031,2020-06-24,100
pl,-0.06224601416845882,0.3426275742666844,0.14019078004911278,False,0.1012183971087858,2020-07-02,100
ru,-0.1950205637813195,0.0017920397034819208,-0.09661426203891879,False,0.049203150871200356,2020-07-08,100
uk,-0.1503359938647499,0.23419028069401712,0.041927143414633605,False,0.09613156863969176,2020-07-03,100
cs,-0.6825249341354147,-0.12089496608565131,-0.401709950110533,True,0.14040749201244085,2020-06-25,101
pl,0.0007790663288119448,0.37817341055193643,0.1894762384403742,True,0.09434858605578113,2020-07-03,101
ru,-0.20373373970781763,-0.0053708236031115575,-0.1045522816554646,True,0.04959072902617652,2020-07-09,101
uk,-0.14966831025409935,0.21449404946608422,0.032412869605992434,False,0.09104058993004589,2020-07-04,101
cs,-0.5488905310275022,0.16059576572531217,-0.19414738265109502,False,0.1773715741882036,2020-06-26,102
pl,-0.018809832374149765,0.2718475274157943,0.1265188475208223,False,0.07266433994748603,2020-07-04,102
ru,-0.20481501179629208,0.008964981835501193,-0.09792501498039544,False,0.053444998407948315,2020-07-10,102
uk,-0.16614273889796358,0.1649634124532978,-0.0005896632223328924,False,0.08277653783781534,2020-07-05,102
cs,-0.40373177657957926,0.2864541519753733,-0.058638812302102966,False,0.17254648213873813,2020-06-27,103
pl,-0.054101261355916946,0.23215579639643144,0.08902726752025725,False,0.0715642644380871,2020-07-05,103
ru,-0.2003854553030568,0.011591533246491315,-0.09439696102828274,False,0.05299424713738703,2020-07-11,103
uk,-0.1275193559942428,0.22849463775332085,0.050487640879539025,False,0.08900349843689091,2020-07-06,103
cs,-0.279062865807953,0.2944585628998487,0.00769784854594785,False,0.1433803571769504,2020-06-28,104
pl,-0.06665666698186434,0.2280525316760822,0.08069793234710892,False,0.07367729966448663,2020-07-06,104
ru,-0.19508895103925888,0.006399595639717412,-0.09434467769977073,False,0.05037213666974407,2020-07-12,104
uk,-0.13823249283563854,0.22870851271476783,0.045238009939564644,False,0.0917352513876016,2020-07-07,104
cs,-0.30762765657742114,0.28015126903355364,-0.013738193771933749,False,0.1469447314027437,2020-06-29,105
pl,-0.1248477578841326,0.19718899310771987,0.03617061761179363,False,0.08050918774796312,2020-07-07,105
ru,-0.18538875346493977,0.02323602474316057,-0.08107636436088961,False,0.05215619455202509,2020-07-13,105
uk,-0.061633983187917935,0.2388827902235006,0.08862440351779133,False,0.07512919335285463,2020-07-08,105
cs,-0.3273593726545076,0.2680053349228961,-0.02967701886580576,False,0.14884117689435092,2020-06-30,106
pl,-0.10633916318115907,0.22484884898852295,0.05925484290368194,False,0.0827970030424205,2020-07-08,106
ru,-0.16113080075640163,0.05995005150282061,-0.0505903746267905,False,0.055270213064805555,2020-07-14,106
uk,0.03450020706621748,0.31160487105610407,0.17305253906116078,True,0.06927616599747165,2020-07-09,106
cs,-0.2647416815656834,0.35037833890524855,0.04281832866978258,False,0.153780005117733,2020-07-01,107
pl,-0.13993335022506775,0.17789066212209864,0.018978655948515444,False,0.0794560030867916,2020-07-09,107
ru,-0.17473460250026873,0.04476967221461835,-0.06498246514282519,False,0.054876068678721766,2020-07-15,107
uk,-0.01737020469331549,0.29161716039501995,0.13712347785085224,False,0.07724684127208387,2020-07-10,107
cs,-0.16531277576279668,0.44095723921622165,0.13782223172671249,False,0.15156750374475458,2020-07-02,108
pl,-0.1263550927257169,0.19520142011840982,0.03442316369634646,False,0.08038912821103168,2020-07-10,108
ru,-0.17631410181011573,0.04793449243622935,-0.06418980468694319,False,0.05606214856158627,2020-07-16,108
uk,-0.038003349582117096,0.27926700193976556,0.12063182617882423,False,0.07931758788047066,2020-07-11,108
cs,-0.25509723442499016,0.31298739729358677,0.028945081434298303,False,0.14202115792964423,2020-07-03,109
pl,-0.31084584776696955,0.16673819842682258,-0.07205382467007349,False,0.11939601154844803,2020-07-11,109
ru,-0.13255726541221438,0.08539544012892622,-0.02358091264164408,False,0.05448817638528515,2020-07-17,109
uk,-0.08217412767126031,0.2449880638943131,0.0814069681115264,False,0.08179054789139335,2020-07-12,109
cs,-0.4525131707505986,0.22577045294916587,-0.11337135890071637,False,0.16957090592494112,2020-07-04,110
pl,-0.2871506277585714,0.19704829676507513,-0.04505116549674815,False,0.12104973113091164,2020-07-12,110
ru,-0.12127784875517379,0.07281102952234815,-0.02423340961641282,False,0.048522219569380486,2020-07-18,110
uk,-0.0683415051236298,0.2682881118356204,0.0999733033559953,False,0.08415740423981255,2020-07-13,110
cs,-0.3619477948755102,0.27307377650887565,-0.04443700918331728,False,0.15875539284609647,2020-07-05,111
pl,-0.27908765741043373,0.1879898022289223,-0.04554892759075571,False,0.11676936490983901,2020-07-13,111
ru,-0.19730380025939764,0.045551015204139275,-0.07587639252762918,False,0.060713703865884226,2020-07-19,111
uk,-0.09746141165463934,0.22716740598297847,0.06485299716416956,False,0.08115720440940445,2020-07-14,111
cs,-0.36897680338141847,0.30035082454033757,-0.03431298942054045,False,0.167331906980439,2020-07-06,112
pl,-0.28316284810220627,0.1910818695861453,-0.046040489258030504,False,0.1185611794220879,2020-07-14,112
ru,-0.18246973218132906,0.06654465172477582,-0.05796254022827663,False,0.06225359597652622,2020-07-20,112
uk,-0.0474790750627295,0.2968866872549877,0.12470380609612908,False,0.08609144057942929,2020-07-15,112
cs,-0.372240032123021,0.25152217991223885,-0.060358926105391064,False,0.15594055300881496,2020-07-07,113
pl,-0.25640414283215784,0.236771322821934,-0.009816410005111909,False,0.12329386641352295,2020-07-15,113
ru,-0.23234095707906532,0.02530867385387381,-0.10351614161259576,False,0.06441240773323478,2020-07-21,113
uk,-0.04987157459520877,0.2901918195878165,0.12016012249630384,False,0.0850158485457563,2020-07-16,113
cs,-0.3841044962648442,0.22549845356121945,-0.07930302135181239,False,0.15240073745651592,2020-07-08,114
pl,-0.22369471168653104,0.2833120036712095,0.029808645992339233,False,0.12675167883943514,2020-07-16,114
ru,-0.2055544737722909,0.06624444605627428,-0.06965501385800832,False,0.0679497299571413,2020-07-22,114
uk,0.03959961791212849,0.3834746858969368,0.21153715190453265,True,0.08596876699620208,2020-07-17,114
cs,-0.40896071237525367,0.20168468787656946,-0.1036380122493421,False,0.15266135006295578,2020-07-09,115
pl,-0.31662549513744526,0.18815726585671172,-0.06423411464036677,False,0.12619569024853924,2020-07-17,115
ru,-0.19845673024165478,0.07052014108394877,-0.063968294578853,False,0.06724421783140089,2020-07-23,115
uk,0.11986979531188816,0.45444624321131943,0.2871580192616038,True,0.08364411197485781,2020-07-18,115
cs,-0.4361184318581043,0.1543574680572449,-0.1408804819004297,False,0.1476189749788373,2020-07-10,116
pl,-0.17546961632309846,0.21958865352020504,0.02205951859855329,False,0.09876456746082588,2020-07-18,116
ru,-0.17736179110404743,0.07918054273402703,-0.0490906241850102,False,0.06413558345951861,2020-07-24,116
uk,0.2377252438380879,0.5030671021659747,0.3703961730020313,True,0.0663354645819717,2020-07-19,116
cs,-0.1913924596306713,0.23938622641676766,0.023996883393048174,False,0.10769467151185974,2020-07-11,117
pl,-0.2093628727883048,0.18360398052476457,-0.012879446131770111,False,0.09824171332826734,2020-07-19,117
ru,-0.19981213820246901,0.07556977800262044,-0.06212118009992429,False,0.06884547905127236,2020-07-25,117
uk,0.22145450451801435,0.48343578030306217,0.35244514241053826,True,0.06549531894626195,2020-07-20,117
cs,-0.2896996159067904,0.19291417121748558,-0.04839272234465242,False,0.120653446781069,2020-07-12,118
pl,-0.1996965807788329,0.1979512898255188,-0.0008726454766570524,False,0.09941196765108792,2020-07-20,118
ru,-0.13405570558648797,0.11772198798010228,-0.008166858803192845,False,0.06294442339164756,2020-07-26,118
uk,0.2930438318161835,0.532070336673209,0.4125570842446963,True,0.05975662621425639,2020-07-21,118
cs,-0.30538734815755786,0.19237827493794143,-0.0565045366098082,False,0.12444140577387482,2020-07-13,119
pl,-0.19454248478226738,0.2030056172549734,0.004231566236353013,False,0.0993870255093102,2020-07-21,119
ru,-0.1529154874615623,0.09469896289983797,-0.029108262280862163,False,0.061903612590350064,2020-07-27,119
uk,0.28390046602656693,0.5373772614195148,0.41063886372304087,True,0.06336919884823697,2020-07-22,119
